{
  "prediction": [
    {
      "dataset": 0,
      "correct_0": 47,
      "correct_1": 29,
      "correct_total": 76,
      "total": 100
    },
    {
      "dataset": 1,
      "correct_0": 16,
      "correct_1": 50,
      "correct_total": 66,
      "total": 100
    },
    {
      "dataset": 2,
      "correct_0": 43,
      "correct_1": 47,
      "correct_total": 90,
      "total": 100
    },
    {
      "dataset": "Total Dataset",
      "correct_0": 106,
      "correct_1": 126,
      "correct_total": 232,
      "total": 300
    }
  ],
  "performance": {
    "AUC": 0.7733333333333332,
    "precision": 0.7782805429864253,
    "recall": 0.7733333333333333,
    "F1 Score": 0.7723214285714286,
    "OA": 0.7733333333333333,
    "AA": 0.7733333333333333
  }
}