{
  "prediction": [
    {
      "dataset": 0,
      "class0_size": 820876,
      "class1_size": 29336,
      "correct_0": 794234,
      "correct_1": 22522,
      "correct_total": 816756,
      "total": 850212
    },
    {
      "dataset": 1,
      "class0_size": 1236269,
      "class1_size": 12145,
      "correct_0": 408908,
      "correct_1": 12123,
      "correct_total": 421031,
      "total": 1248414
    },
    {
      "dataset": 2,
      "class0_size": 916980,
      "class1_size": 39360,
      "correct_0": 762024,
      "correct_1": 39035,
      "correct_total": 801059,
      "total": 956340
    },
    {
      "dataset": "Total Dataset",
      "correct_0": 1965166,
      "correct_1": 73680,
      "correct_total": 2038846,
      "total": 3054966
    }
  ],
  "performance": {
    "AUC": 0.796454956655791,
    "precision": 0.5322125948089063,
    "recall": 0.7860865251571539,
    "F1 Score": 0.4606152551172954,
    "OA": 0.6673874602859737,
    "AA": 0.7860865251571539
  }
}