{
  "prediction": [
    {
      "dataset": 0,
      "class0_size": 820876,
      "class1_size": 29336,
      "correct_0": 786492,
      "correct_1": 19484,
      "correct_total": 805976,
      "total": 850212
    },
    {
      "dataset": 1,
      "class0_size": 1236269,
      "class1_size": 12145,
      "correct_0": 341322,
      "correct_1": 12136,
      "correct_total": 353458,
      "total": 1248414
    },
    {
      "dataset": "Total Dataset",
      "correct_0": 1127814,
      "correct_1": 31620,
      "class0_total": 2057145,
      "class1_total": 41481,
      "correct_total": 1159434,
      "total": 2098626
    }
  ],
  "performance": {
    "AUC": 0.7376257324307194,
    "precision": 0.5121186130398632,
    "recall": 0.6552595252891793,
    "F1 Score": 0.3845566020308293,
    "OA": 0.5524729036998494,
    "AA": 0.6552595252891793
  }
}