{
  "prediction": [
    {
      "dataset": 0,
      "class0_size": 820876,
      "class1_size": 29336,
      "correct_0": 775129,
      "correct_1": 20315,
      "correct_total": 795444,
      "total": 850212
    },
    {
      "dataset": 1,
      "class0_size": 1236269,
      "class1_size": 12145,
      "correct_0": 350450,
      "correct_1": 12125,
      "correct_total": 362575,
      "total": 1248414
    },
    {
      "dataset": "Total Dataset",
      "correct_0": 1125579,
      "correct_1": 32440,
      "class0_total": 2057145,
      "class1_total": 41481,
      "correct_total": 1158019,
      "total": 2098626
    }
  ],
  "performance": {
    "AUC": 0.7007534032862455,
    "precision": 0.5128414681324939,
    "recall": 0.664600339985307,
    "F1 Score": 0.38491393577863636,
    "OA": 0.5517986530234544,
    "AA": 0.664600339985307
  }
}